abandonment,abandon,abandonment,ment,Different
abasement,abas,abasement,ment,Different
abate,abat,abat,ate,Same
abate,abat,abat,ate,Same
abbreviation,abbrevi,abbreviat,tion,Different
abdicate,abdic,abdic,ate,Same
abdicate,abdic,abdic,ate,Same
abdominal,abdomin,abdomin,al,Same
aberration,aberr,aberrat,tion,Different
abeyance,abey,abeye,ance,Different
abeyance,abey,abeye,ance,Different
abilities,abil,abiliti,es,Different
abipones,abipon,abipon,es,Same
abjectness,abject,abject,ness,Same
abnegation,abneg,abnegat,tion,Different
abnormal,abnorm,abnormal,al,Different
abodes,abod,abod,es,Same
abolition,abolit,abolit,tion,Same
abomination,abomin,abominat,tion,Different
aboriginal,aborigin,aborigin,al,Same
aborigines,aborigin,aborigin,es,Same
abortion,abort,aborte,tion,Different
abruptness,abrupt,abrupt,ness,Same
absorption,absorpt,absorpte,tion,Different
abstraction,abstract,abstracte,tion,Different
absurdities,absurd,absurditi,es,Different
abundance,abund,abund,ance,Same
abundance,abund,abund,ance,Same
abuses,abus,abus,es,Same
abysses,abyss,abyss,es,Same
accedes,acced,acced,es,Same
accelerate,acceler,acceler,ate,Same
accelerate,acceler,acceler,ate,Same
acceptance,accept,accept,ance,Same
acceptance,accept,accept,ance,Same
acceptances,accept,acceptanc,es,Different
acceptation,accept,acceptat,tion,Different
accessible,access,access,ible,Same
accessible,access,access,ible,Same
accessories,accessori,accessori,es,Same
accidental,accident,accident,al,Same
accommodate,accommod,accommod,ate,Same
accommodate,accommod,accommod,ate,Same
accommodation,accommod,accommodat,tion,Different
accompanies,accompani,accompani,es,Same
accompaniment,accompani,accompani,ment,Same
accompanying,accompani,accompanying,ying,Different
accomplices,accomplic,accomplic,es,Same
accomplishes,accomplish,accomplish,es,Same
accomplishment,accomplish,accomplishment,ment,Different
accordance,accord,accord,ance,Same
accordance,accord,accord,ance,Same
accountabilities,account,accountabiliti,es,Different
accumulate,accumul,accumul,ate,Same
accumulate,accumul,accumul,ate,Same
accumulation,accumul,accumulat,tion,Different
accurate,accur,accur,ate,Same
accurate,accur,accur,ate,Same
accusation,accus,accusat,tion,Different
accuser,accus,accuser,er,Different
accuses,accus,accus,es,Same
aces,ace,ac,es,Different
aches,ach,ach,es,Same
achievement,achiev,achievement,ment,Different
achieves,achiev,achiev,es,Same
achilles,achill,achill,es,Same
acknowledgement,acknowledg,acknowledgement,ment,Different
acknowledges,acknowledg,acknowledg,es,Same
acknowledgment,acknowledg,acknowledgment,ment,Different
acquaintance,acquaint,acquaint,ance,Same
acquaintance,acquaint,acquaint,ance,Same
acquaintances,acquaint,acquaintanc,es,Different
acquiesces,acquiesc,acquiesc,es,Same
acquirement,acquir,acquirement,ment,Different
acquires,acquir,acquir,es,Same
acquisition,acquisit,acquisit,tion,Same
acquittal,acquitt,acquittal,al,Different
acres,acr,acr,es,Same
action,action,action,tion,Same
actresses,actress,actress,es,Same
actual,actual,actual,al,Same
actuate,actuat,actuat,ate,Same
actuate,actuat,actuat,ate,Same
acuteness,acut,acute,ness,Different
acuter,acut,acuter,er,Different
adages,adag,adag,es,Same
adaptation,adapt,adaptat,tion,Different
adapter,adapt,adapter,er,Different
adder,adder,adder,er,Same
addition,addit,addite,tion,Different
additional,addit,addition,al,Different
addresses,address,address,es,Same
adequate,adequ,adequate,ate,Different
adequate,adequ,adequate,ate,Different
adheres,adher,adher,es,Same
adjournment,adjourn,adjournment,ment,Different
adjuration,adjur,adjurat,tion,Different
adjustment,adjust,adjustment,ment,Different
administer,administ,administer,er,Different
administration,administr,administrat,tion,Different
administrative,administr,administr,ative,Same
administrative,administr,administr,ative,Same
admiral,admir,admiral,al,Different
admiration,admir,admirat,tion,Different
admirer,admir,admirer,er,Different
admires,admir,admir,es,Same
admittance,admitt,admitt,ance,Same
admittance,admitt,admitt,ance,Same
admonishes,admonish,admonish,es,Same
admonition,admonit,admonit,tion,Same
adoption,adopt,adopte,tion,Different
adoration,ador,adorat,tion,Different
adores,ador,ador,es,Same
adornment,adorn,adornment,ment,Different
adulation,adul,adulat,tion,Different
advance,advanc,adv,ance,Different
advance,advanc,adv,ance,Different
advancement,advanc,advancement,ment,Different
advances,advanc,advanc,es,Same
advantages,advantag,advantag,es,Same
adventurer,adventur,adventurer,er,Different
adventures,adventur,adventur,es,Same
adventuresses,adventuress,adventuress,es,Same
adversaries,adversari,adversari,es,Same
advertisement,advertis,advertisement,ment,Different
advertiser,advertis,advertiser,er,Different
adviser,advis,adviser,er,Different
advises,advis,advis,es,Same
advocate,advoc,advoc,ate,Same
advocate,advoc,advoc,ate,Same
adwiser,adwis,adwiser,er,Different
aerial,aerial,aerial,al,Same
aesthetic,aesthet,aesthet,ic,Same
aestivation,aestiv,aestivat,tion,Different
afer,afer,afer,er,Same
affectation,affect,affectat,tion,Different
affection,affect,affecte,tion,Different
affectionate,affection,affectio,ate,Different
affectionate,affection,affectio,ate,Different
affirmative,affirm,affirmate,ative,Different
affirmative,affirm,affirmate,ative,Different
affliction,afflict,afflicte,tion,Different
after,after,after,er,Same
agate,agat,agat,ate,Same
agate,agat,agat,ate,Same
agaves,agav,agav,es,Same
ages,age,ag,es,Different
agglomeration,agglomer,agglomerat,tion,Different
aggrandizement,aggrandiz,aggrandizement,ment,Different
aggravate,aggrav,aggrav,ate,Same
aggravate,aggrav,aggrav,ate,Same
aggravates,aggrav,aggravat,es,Different
aggravation,aggrav,aggravat,tion,Different
aggregate,aggreg,aggreg,ate,Same
aggregate,aggreg,aggreg,ate,Same
agitate,agit,agitate,ate,Different
agitate,agit,agitate,ate,Different
agitation,agit,agitat,tion,Different
agnes,agn,agn,es,Same
agonies,agoni,agoni,es,Same
agoutis,agouti,agoutis,is,Different
agreement,agreement,agreement,ment,Same
agrees,agre,agre,es,Same
agricultural,agricultur,agricultur,al,Same
aider,aider,aider,er,Same
ailment,ailment,ailment,ment,Same
airlessness,airless,airless,ness,Same
al,al,al,al,Same
alabaster,alabast,alabaster,er,Different
albicollis,albicolli,albicollis,is,Different
albicores,albicor,albicor,es,Same
alcicornis,alcicorni,alcicornis,is,Different
alder,alder,alder,er,Same
aldgate,aldgat,aldgat,ate,Same
aldgate,aldgat,aldgat,ate,Same
alehouses,alehous,alehous,es,Same
alexander,alexand,alexander,er,Different
allegation,alleg,allegat,tion,Different
allegiance,allegi,allegi,ance,Same
allegiance,allegi,allegi,ance,Same
allegorical,allegor,allegoric,al,Different
allegories,allegori,allegori,es,Same
aller,aller,aller,er,Same
alleviate,allevi,allevi,ate,Same
alleviate,allevi,allevi,ate,Same
alliance,allianc,alli,ance,Different
alliance,allianc,alli,ance,Different
alliances,allianc,allianc,es,Same
allies,alli,alli,es,Same
allowance,allow,allow,ance,Same
allowance,allow,allow,ance,Same
allowances,allow,allowanc,es,Different
alludes,allud,allud,es,Same
allurement,allur,allurement,ment,Different
alluvial,alluvi,alluvial,al,Different
almshouses,almshous,almshous,es,Same
alter,alter,alter,er,Same
alteration,alter,alterat,tion,Different
altercation,alterc,altercat,tion,Different
alternate,altern,alter,ate,Different
alternate,altern,alter,ate,Different
alternation,altern,alternat,tion,Different
alternative,altern,alternate,ative,Different
alternative,altern,alternate,ative,Different
alternatives,altern,alternativ,es,Different
altogether,altogeth,altogether,er,Different
amalgamate,amalgam,amalgam,ate,Same
amalgamate,amalgam,amalgam,ate,Same
amalgamation,amalgam,amalgamat,tion,Different
amancaes,amanca,amanca,es,Same
amanuensis,amanuensi,amanuensis,is,Different
amazement,amaz,amazement,ment,Different
amazes,amaz,amaz,es,Same
amber,amber,amber,er,Same
ambition,ambit,ambite,tion,Different
amelioration,amelior,ameliorat,tion,Different
amendment,amend,amendment,ment,Different
amiabilities,amiabl,amiabiliti,es,Different
ammunition,ammunit,ammunit,tion,Same
amoncelees,amoncele,amoncele,es,Same
amorites,amorit,amorit,es,Same
amphitheatrical,amphitheatr,amphitheatric,al,Different
amputation,amput,amputat,tion,Different
amusement,amus,amusement,ment,Different
amuses,amus,amus,es,Same
anaemic,anaem,anaem,ic,Same
analogies,analog,analogi,es,Different
analysis,analysi,analysis,is,Different
anatomical,anatom,anatomic,al,Different
ancestral,ancestr,ancestral,al,Different
anchovies,anchovi,anchovi,es,Same
andes,andes,and,es,Different
anecdotes,anecdot,anecdot,es,Same
angelic,angel,angel,ic,Same
anger,anger,anger,er,Same
angler,angler,angler,er,Same
angles,angl,angl,es,Same
animal,anim,anim,al,Same
animate,anim,animate,ate,Different
animate,anim,animate,ate,Different
animates,anim,animat,es,Different
animation,anim,animat,tion,Different
ankles,ankl,ankl,es,Same
annal,annal,annal,al,Same
annales,annal,annal,es,Same
annihilate,annihil,annihil,ate,Same
annihilate,annihil,annihil,ate,Same
annihilation,annihil,annihilat,tion,Different
anniversaries,anniversari,anniversari,es,Same
announcement,announc,announcement,ment,Different
announces,announc,announc,es,Same
annoyance,annoy,annoy,ance,Same
annoyance,annoy,annoy,ance,Same
annoyances,annoy,annoyanc,es,Different
annoying,annoy,annoying,ying,Different
annual,annual,annual,al,Same
anomalies,anomali,anomali,es,Same
anoother,anooth,anoother,er,Different
another,anoth,another,er,Different
answer,answer,answer,er,Same
antagonistic,antagonist,antagonist,ic,Same
antarctic,antarct,antarct,ic,Same
anteater,anteat,anteater,er,Different
antechamber,antechamb,antechamber,er,Different
antelopes,antelop,antelop,es,Same
anticipate,anticip,anticip,ate,Same
anticipate,anticip,anticip,ate,Same
anticipates,anticip,anticipat,es,Different
anticipation,anticip,anticipat,tion,Different
anticipative,anticip,anticip,ative,Same
anticipative,anticip,anticip,ative,Same
antilles,antill,antill,es,Same
antipodes,antipod,antipod,es,Same
antiquaries,antiquari,antiquari,es,Same
antiques,antiqu,antiqu,es,Same
antiquities,antiqu,antiquiti,es,Different
anxieties,anxieti,anxieti,es,Same
anywheres,anywher,anywher,es,Same
apartment,apart,apartment,ment,Different
apate,apat,apat,ate,Same
apate,apat,apat,ate,Same
apennines,apennin,apennin,es,Same
apertures,apertur,apertur,es,Same
apires,apir,apir,es,Same
apollinaris,apollinari,apollinaris,is,Different
apologetic,apologet,apologet,ic,Same
apologies,apolog,apologi,es,Different
apologize,apolog,apolog,ize,Same
apologize,apolog,apolog,ize,Same
apologizes,apolog,apologiz,es,Different
apoplectic,apoplect,apoplect,ic,Same
apostles,apostl,apostl,es,Same
apothecaries,apothecari,apothecari,es,Same
apparition,apparit,apparit,tion,Same
appeal,appeal,appeal,al,Same
appearance,appear,appear,ance,Same
appearance,appear,appear,ance,Same
appearances,appear,appearanc,es,Different
appellation,appel,appellat,tion,Different
appendages,appendag,appendag,es,Same
appetites,appetit,appetit,es,Same
appiness,appi,appi,ness,Same
apples,appl,appl,es,Same
appliances,applianc,applianc,es,Same
application,applic,applicat,tion,Different
applies,appli,appli,es,Same
applying,appli,applying,ying,Different
appointment,appoint,appointment,ment,Different
appreciate,appreci,appreci,ate,Same
appreciate,appreci,appreci,ate,Same
appreciates,appreci,appreciat,es,Different
appreciation,appreci,appreciat,tion,Different
apprentices,apprentic,apprentic,es,Same
approaches,approach,approach,es,Same
approbation,approb,approbat,tion,Different
appropriate,appropri,appropri,ate,Same
appropriate,appropri,appropri,ate,Same
appropriateness,appropri,appropriate,ness,Different
appropriation,appropri,appropriat,tion,Different
approval,approv,approval,al,Different
approves,approv,approv,es,Same
approximate,approxim,approxim,ate,Same
approximate,approxim,approxim,ate,Same
appurtenance,appurten,appurten,ance,Same
appurtenance,appurten,appurten,ance,Same
appurtenances,appurten,appurtenanc,es,Different
aptenodytes,aptenodyt,aptenodyt,es,Same
aptness,apt,apt,ness,Same
aptnesses,apt,aptness,es,Different
aquatic,aquat,aquat,ic,Same
aquilines,aquilin,aquilin,es,Same
arabic,arab,aric,ic,Different
arbiter,arbit,arbiter,er,Different
arcades,arcad,arcad,es,Same
archducal,archduc,archducal,al,Different
archer,archer,archer,er,Same
arches,arch,arch,es,Same
archipelagoes,archipelago,archipelago,es,Same
architectural,architectur,architectur,al,Same
archness,arch,arch,ness,Same
arctic,arctic,arct,ic,Different
ardness,ard,ard,ness,Same
arenales,arenal,arenal,es,Same
argues,argu,argu,es,Same
argument,argument,argument,ment,Same
argumentative,argument,argument,ative,Same
argumentative,argument,argument,ative,Same
arises,aris,aris,es,Same
aristides,aristid,aristid,es,Same
aristocratic,aristocrat,aristocrat,ic,Same
arithmetic,arithmet,arithmet,ic,Same
arithmetical,arithmet,arithmetic,al,Different
armadilloes,armadillo,armadillo,es,Same
armies,armi,armi,es,Same
armorial,armori,armorial,al,Different
armourer,armour,armourer,er,Different
aromatic,aromat,aromat,ic,Same
arrangement,arrang,arrangement,ment,Different
arranges,arrang,arrang,es,Same
arraying,array,arraying,ying,Different
arrival,arriv,arrival,al,Different
arrives,arriv,arriv,es,Same
arrogance,arrog,arrog,ance,Same
arrogance,arrog,arrog,ance,Same
arter,arter,arter,er,Same
artfulness,art,artful,ness,Different
artichokes,artichok,artichok,es,Same
articles,articl,articl,es,Same
articulate,articul,articul,ate,Same
articulate,articul,articul,ate,Same
artifices,artific,artific,es,Same
artificial,artifici,artifici,al,Same
artistic,artist,artist,ic,Same
artistical,artist,artistic,al,Different
artlessness,artless,artless,ness,Same
ascal,ascal,ascal,al,Same
ascetic,ascet,ascet,ic,Same
ascribes,ascrib,ascrib,es,Same
ashes,ash,ash,es,Same
asiatic,asiat,asiat,ic,Same
asiatiques,asiatiqu,asiatiqu,es,Same
askance,askanc,ask,ance,Different
askance,askanc,ask,ance,Different
aspirate,aspir,aspir,ate,Same
aspirate,aspir,aspir,ate,Same
aspiration,aspir,aspirat,tion,Different
aspires,aspir,aspir,es,Same
assayer,assay,assayer,er,Different
assembles,assembl,assembl,es,Same
assemblies,assembl,assembli,es,Different
assertion,assert,asserte,tion,Different
asses,ass,ass,es,Same
assignment,assign,assignment,ment,Different
assimilation,assimil,assimilat,tion,Different
assistance,assist,assist,ance,Same
assistance,assist,assist,ance,Same
assize,assiz,assize,ize,Different
assize,assiz,assize,ize,Different
assizes,assiz,assiz,es,Same
associate,associ,associ,ate,Same
associate,associ,associ,ate,Same
associates,associ,associat,es,Different
association,associ,associat,tion,Different
assortment,assort,assortment,ment,Different
assumes,assum,assum,es,Same
assumption,assumpt,assumpte,tion,Different
assurance,assur,assur,ance,Same
assurance,assur,assur,ance,Same
assurances,assur,assuranc,es,Different
assures,assur,assur,es,Same
astonishes,astonish,astonish,es,Same
astonishment,astonish,astonishment,ment,Different
astronomical,astronom,astronomic,al,Different
asunder,asund,asunder,er,Different
ate,ate,ate,ate,Same
ate,ate,ate,ate,Same
athletic,athlet,athlet,ic,Same
atlantic,atlant,atlant,ic,Same
atmospheric,atmospher,atmospher,ic,Same
atonement,aton,atonement,ment,Different
atrocities,atroc,atrociti,es,Different
attaches,attach,attach,es,Same
attachment,attach,attachment,ment,Different
attagis,attagi,attagis,is,Different
attainment,attain,attainment,ment,Different
attendance,attend,attend,ance,Same
attendance,attend,attend,ance,Same
attendances,attend,attendanc,es,Different
attention,attent,attente,tion,Different
attic,attic,att,ic,Different
attitudes,attitud,attitud,es,Same
attraction,attract,attracte,tion,Different
attributes,attribut,attribut,es,Same
attrition,attrit,attrite,tion,Different
atwater,atwat,atwater,er,Different
auction,auction,auction,tion,Same
audible,audibl,aud,ible,Different
audible,audibl,aud,ible,Different
audiences,audienc,audienc,es,Same
augment,augment,augment,ment,Same
augmentation,augment,augmentat,tion,Different
auguries,auguri,auguri,es,Same
auspices,auspic,auspic,es,Same
australes,austral,austral,es,Same
authentic,authent,authent,ic,Same
authoritative,authorit,authorit,ative,Same
authoritative,authorit,authorit,ative,Same
authorities,author,authoriti,es,Different
autobiographies,autobiographi,autobiographi,es,Same
autocratic,autocrat,autocrat,ic,Same
autres,autr,autr,es,Same
autumnal,autumn,autumnal,al,Different
auxiliaries,auxiliari,auxiliari,es,Same
avenger,aveng,avenger,er,Different
avenges,aveng,aveng,es,Same
avenues,avenu,avenu,es,Same
avoidance,avoid,avoid,ance,Same
avoidance,avoid,avoid,ance,Same
avowal,avow,avow,al,Same
awakes,awak,awak,es,Same
awhiles,awhil,awhil,es,Same
awkwardness,awkward,awkward,ness,Same
axes,axe,ax,es,Different
axis,axi,axis,is,Different
axles,axl,axl,es,Same
ayres,ayr,ayr,es,Same
azores,azor,azor,es,Same
babes,babe,bab,es,Different
babies,babi,babi,es,Same
backer,backer,backer,er,Same
backwardness,backward,backward,ness,Same
badger,badger,badger,er,Same
badges,badg,badg,es,Same
badness,bad,badness,ness,Different
baize,baiz,baize,ize,Different
baize,baiz,baize,ize,Different
baker,baker,baker,er,Same
balance,balanc,bal,ance,Different
balance,balanc,bal,ance,Different
balconies,balconi,balconi,es,Same
bales,bale,bal,es,Different
balustrades,balustrad,balustrad,es,Same
bandages,bandag,bandag,es,Same
bandboxes,bandbox,bandbox,es,Same
bandmaster,bandmast,bandmaster,er,Different
bandying,bandi,bandying,ying,Different
banishes,banish,banish,es,Same
banishment,banish,banishment,ment,Different
banker,banker,banker,er,Same
banknotes,banknot,banknot,es,Same
bankruptcies,bankruptci,bankruptci,es,Same
banner,banner,banner,er,Same
banter,banter,banter,er,Same
baptismal,baptism,baptismal,al,Different
barber,barber,barber,er,Same
barcaroles,barcarol,barcarol,es,Same
barges,barg,barg,es,Same
barker,barker,barker,er,Same
barnacles,barnacl,barnacl,es,Same
barometer,baromet,barometer,er,Different
baroness,baro,baro,ness,Same
baronesses,baro,baroness,es,Different
baronial,baroni,baroni,al,Same
barrenness,barren,barren,ness,Same
barrier,barrier,barrier,er,Same
barrister,barrist,barrister,er,Different
barter,barter,barter,er,Same
basal,basal,basal,al,Same
basaltic,basalt,basalt,ic,Same
basement,basement,basement,ment,Same
baseness,base,base,ness,Same
baser,baser,baser,er,Same
bases,base,bas,es,Different
bashfulness,bash,bashful,ness,Different
basis,basi,basis,is,Different
bate,bate,bate,ate,Same
bate,bate,bate,ate,Same
bathes,bath,bath,es,Same
batter,batter,batter,er,Same
battles,battl,battl,es,Same
baubles,baubl,baubl,es,Same
baying,bay,bai,ying,Different
beaches,beach,beach,es,Same
beadles,beadl,beadl,es,Same
bearer,bearer,bearer,er,Same
beastliness,beastli,beastli,ness,Same
beauties,beauti,beauti,es,Same
beaver,beaver,beaver,er,Same
becomes,becom,becom,es,Same
bedchamber,bedchamb,bedchamber,er,Different
bedclothes,bedcloth,bedcloth,es,Same
bedevilment,bedevil,bedevilment,ment,Different
beer,beer,beer,er,Same
bees,bee,be,es,Different
beeswaxes,beeswax,beeswax,es,Same
beetles,beetl,beetl,es,Same
begrimes,begrim,begrim,es,Same
behaves,behav,behav,es,Same
beholder,behold,beholder,er,Different
behoves,behov,behov,es,Same
believer,believ,believer,er,Different
believes,believ,believ,es,Same
bellies,belli,belli,es,Same
bellower,bellow,bellower,er,Different
bencher,bencher,bencher,er,Same
benches,bench,bench,es,Same
benediction,benedict,benedict,tion,Same
beneficial,benefici,benefici,al,Same
bengal,bengal,bengal,al,Same
berries,berri,berri,es,Same
beseeches,beseech,beseech,es,Same
beseeltes,beseelt,beseelt,es,Same
besides,besid,besid,es,Same
bestowal,bestow,bestowal,al,Different
betimes,betim,betim,es,Same
betrayal,betray,betrayal,al,Different
betraying,betray,betraying,ying,Different
better,better,better,er,Same
betther,betther,betther,er,Same
betuloides,betuloid,betuloid,es,Same
bewilder,bewild,bewilder,er,Different
bewilderment,bewilder,bewilderment,ment,Different
bible,bibl,b,ible,Different
bible,bibl,b,ible,Different
bidder,bidder,bidder,er,Same
bifurcation,bifurc,bifurcat,tion,Different
bigger,bigger,bigger,er,Same
bigness,big,bigness,ness,Different
bindloes,bindlo,bindlo,es,Same
biographical,biograph,biographic,al,Different
bisection,bisect,bisecte,tion,Different
bishopgate,bishopg,bishopg,ate,Same
bishopgate,bishopg,bishopg,ate,Same
bishopric,bishopr,bishopr,ic,Same
bishopsgate,bishopsg,bishopsg,ate,Same
bishopsgate,bishopsg,bishopsg,ate,Same
bisness,bis,bisness,ness,Different
bites,bite,bit,es,Different
bitter,bitter,bitter,er,Same
bitterer,bitter,bitterer,er,Different
bitterness,bitter,bitter,ness,Same
bivalves,bivalv,bivalv,es,Same
blackberries,blackberri,blackberri,es,Same
blacker,blacker,blacker,er,Same
bladder,bladder,bladder,er,Same
blades,blade,blad,es,Different
blamelessness,blameless,blameless,ness,Same
blames,blame,blam,es,Different
blankness,blank,blank,ness,Same
blasphemer,blasphem,blasphemer,er,Different
bleakness,bleak,bleak,ness,Same
blemishes,blemish,blemish,es,Same
blessedness,blessed,blessed,ness,Same
blesses,bless,bless,es,Same
blinder,blinder,blinder,er,Same
blindness,blind,blind,ness,Same
blindnesses,blind,blindness,es,Different
blister,blister,blister,er,Same
blitheness,blith,blithe,ness,Different
bloodlessness,bloodless,bloodless,ness,Same
blotches,blotch,blotch,es,Same
blower,blower,blower,er,Same
blubber,blubber,blubber,er,Same
blues,blue,blu,es,Different
blunder,blunder,blunder,er,Same
bluntness,blunt,blunt,ness,Same
blushes,blush,blush,es,Same
bluster,bluster,bluster,er,Same
boarder,boarder,boarder,er,Same
boastfulness,boast,boastful,ness,Different
bobster,bobster,bobster,er,Same
bodies,bodi,bodi,es,Same
bodilessness,bodiless,bodiless,ness,Same
boer,boer,boer,er,Same
boffinites,boffinit,boffinit,es,Same
boiler,boiler,boiler,er,Same
bois,boi,bois,is,Different
bolder,bolder,bolder,er,Same
boldness,bold,bold,ness,Same
boles,bole,bol,es,Different
bolster,bolster,bolster,er,Same
bolter,bolter,bolter,er,Same
bones,bone,bon,es,Different
bonfires,bonfir,bonfir,es,Same
booker,booker,booker,er,Same
bookseller,booksel,bookseller,er,Different
border,border,border,er,Same
bores,bore,bor,es,Different
borrower,borrow,borrower,er,Different
bosomer,bosom,bosomer,er,Different
bosses,boss,boss,es,Same
botanic,botan,botic,ic,Different
botanical,botan,botanic,al,Different
bother,bother,bother,er,Same
botheration,bother,botherat,tion,Different
bottles,bottl,bottl,es,Same
boulder,boulder,boulder,er,Same
bouleversees,bouleverse,bouleverse,es,Same
boundaries,boundari,boundari,es,Same
boungites,boungit,boungit,es,Same
bourgeois,bourgeoi,bourgeois,is,Different
bower,bower,bower,er,Same
boxes,box,box,es,Same
braces,brace,brac,es,Different
brachiotis,brachioti,brachiotis,is,Different
brakes,brake,brak,es,Different
brambles,brambl,brambl,es,Same
branches,branch,branch,es,Same
branchial,branchial,branchial,al,Same
brasiliensis,brasiliensi,brasiliensis,is,Different
brasses,brass,brass,es,Same
brawler,brawler,brawler,er,Same
braying,bray,braying,ying,Different
breaches,breach,breach,es,Same
breaker,breaker,breaker,er,Same
breakwater,breakwat,breakwater,er,Different
breathes,breath,breath,es,Same
breathlessness,breathless,breathless,ness,Same
breeches,breech,breech,es,Same
breeder,breeder,breeder,er,Same
breezes,breez,breez,es,Same
brewer,brewer,brewer,er,Same
brewster,brewster,brewster,er,Same
bribes,bribe,brib,es,Different
brickmaker,brickmak,brickmaker,er,Different
bridal,bridal,bridal,al,Same
bridges,bridg,bridg,es,Same
brier,brier,brier,er,Same
brighter,brighter,brighter,er,Same
brightness,bright,bright,ness,Same
brilliance,brillianc,brilli,ance,Different
brilliance,brillianc,brilli,ance,Different
brisker,brisker,brisker,er,Same
briskness,brisk,brisk,ness,Same
bristles,bristl,bristl,es,Same
broader,broader,broader,er,Same
broadsides,broadsid,broadsid,es,Same
broker,broker,broker,er,Same
bronchial,bronchial,bronchial,al,Same
bronchitis,bronchiti,bronchitis,is,Different
brooker,brooker,brooker,er,Same
brooses,broos,broos,es,Same
brother,brother,brother,er,Same
browdies,browdi,browdi,es,Same
browner,browner,browner,er,Same
bruises,bruis,bruis,es,Same
brushes,brush,brush,es,Same
brutal,brutal,brutal,al,Same
brutes,brute,brut,es,Different
bubbles,bubbl,bubbl,es,Same
buckler,buckler,buckler,er,Same
buckles,buckl,buckl,es,Same
buffer,buffer,buffer,er,Same
builder,builder,builder,er,Same
bullies,bulli,bulli,es,Same
bullying,bulli,bullying,ying,Different
bumper,bumper,bumper,er,Same
bunches,bunch,bunch,es,Same
bundles,bundl,bundl,es,Same
burgomaster,burgomast,burgomaster,er,Different
burgomeister,burgomeist,burgomeister,er,Different
burial,burial,burial,al,Same
buries,buri,buri,es,Same
burlinghammer,burlinghamm,burlinghammer,er,Different
burying,buri,burying,ying,Different
bushes,bush,bush,es,Same
busier,busier,busier,er,Same
busies,busi,busi,es,Same
business,busi,busi,ness,Same
busying,busi,busying,ying,Different
butcher,butcher,butcher,er,Same
butler,butler,butler,er,Same
butter,butter,butter,er,Same
butterflies,butterfli,butterfli,es,Same
butther,butther,butther,er,Same
buttresses,buttress,buttress,es,Same
buying,buy,bui,ying,Different
bygones,bygon,bygon,es,Same
cabalistic,cabalist,cabalist,ic,Same
cabbages,cabbag,cabbag,es,Same
cables,cabl,cabl,es,Same
cabooses,caboos,caboos,es,Same
cachapual,cachapu,cachapual,al,Different
caciques,caciqu,caciqu,es,Same
cactornis,cactorni,cactornis,is,Different
cactuses,cactus,cactus,es,Same
cadesses,cadess,cadess,es,Same
caffer,caffer,caffer,er,Same
caffres,caffr,caffr,es,Same
cages,cage,cag,es,Different
cakes,cake,cak,es,Different
calais,calai,calais,is,Different
calamities,calam,calamiti,es,Different
calculate,calcul,calcul,ate,Same
calculate,calcul,calcul,ate,Same
calculates,calcul,calculat,es,Different
calculation,calcul,calculat,tion,Different
callousness,callous,callous,ness,Same
calmer,calmer,calmer,er,Same
calmness,calm,calm,ness,Same
calumnies,calumni,calumni,es,Same
calves,calv,calv,es,Same
cambric,cambric,cambr,ic,Different
campestris,campestri,campestris,is,Different
canal,canal,canal,al,Same
canaries,canari,canari,es,Same
cancer,cancer,cancer,er,Same
candidate,candid,candid,ate,Same
candidate,candid,candid,ate,Same
candidates,candid,candidat,es,Different
candles,candl,candl,es,Same
canelones,canelon,canelon,es,Same
canes,cane,can,es,Different
cangrejales,cangrejal,cangrejal,es,Same
canis,cani,canis,is,Different
canister,canist,canister,er,Different
cannibal,cannib,cannibal,al,Different
canoes,cano,cano,es,Same
cantal,cantal,cantal,al,Same
canter,canter,canter,er,Same
capabilities,capabl,capabiliti,es,Different
capacities,capac,capaciti,es,Different
capital,capit,capit,al,Same
capitulate,capitul,capitul,ate,Same
capitulate,capitul,capitul,ate,Same
caprices,capric,capric,es,Same
captivate,captiv,captiv,ate,Same
captivate,captiv,captiv,ate,Same
captivater,captivat,captivater,er,Different
captives,captiv,captiv,es,Same
caracter,caract,caracter,er,Different
carbonate,carbon,carbo,ate,Different
carbonate,carbon,carbo,ate,Different
carcasses,carcass,carcass,es,Same
cardinal,cardin,cardinal,al,Different
career,career,career,er,Same
carefulness,care,careful,ness,Different
carelessness,careless,careless,ness,Same
cares,care,car,es,Different
caresses,caress,caress,es,Same
cargoes,cargo,cargo,es,Same
caricatures,caricatur,caricatur,es,Same
carizal,cariz,cariz,al,Same
carnation,carnat,carnate,tion,Different
carpenter,carpent,carpenter,er,Different
carriages,carriag,carriag,es,Same
carrier,carrier,carrier,er,Same
carries,carri,carri,es,Same
carrying,carri,carrying,ying,Different
cartridges,cartridg,cartridg,es,Same
cascades,cascad,cascad,es,Same
casement,casement,casement,ment,Same
cases,case,cas,es,Different
castigate,castig,castig,ate,Same
castigate,castig,castig,ate,Same
castigation,castig,castigat,tion,Different
castles,castl,castl,es,Same
casual,casual,casual,al,Same
casualties,casualti,casualti,es,Same
cataleptic,catalept,catalept,ic,Same
catastrophes,catastroph,catastroph,es,Same
catches,catch,catch,es,Same
categories,categori,categori,es,Same
cathartes,cathart,cathart,es,Same
cathedral,cathedr,cathedral,al,Different
catholic,cathol,cathol,ic,Same
cauquenes,cauquen,cauquen,es,Same
causes,caus,caus,es,Same
caustic,caustic,caust,ic,Different
caution,caution,caution,tion,Same
caves,cave,cav,es,Different
cavies,cavi,cavi,es,Same
cavities,caviti,caviti,es,Same
ceases,ceas,ceas,es,Same
celebes,celeb,celeb,es,Same
celebrate,celebr,celebr,ate,Same
celebrate,celebr,celebr,ate,Same
celebration,celebr,celebrat,tion,Different
celestial,celesti,celestial,al,Different
cement,cement,cement,ment,Same
censures,censur,censur,es,Same
central,central,central,al,Same
centres,centr,centr,es,Same
centrifugal,centrifug,centrifug,al,Same
centuries,centuri,centuri,es,Same
cereal,cereal,cereal,al,Same
ceremonial,ceremoni,ceremoni,al,Same
ceremonies,ceremoni,ceremoni,es,Same
certainties,certainti,certainti,es,Same
certificate,certif,certific,ate,Different
certificate,certif,certific,ate,Different
certificates,certif,certificat,es,Different
certifying,certifi,certifying,ying,Different
ces,ces,c,es,Different
cesenate,cesen,cese,ate,Different
cesenate,cesen,cese,ate,Different
cessation,cessat,cessate,tion,Different
cetrer,cetrer,cetrer,er,Same
chafes,chafe,chaf,es,Different
challenger,challeng,challenger,er,Different
chamber,chamber,chamber,er,Same
chamois,chamoi,chamois,is,Different
chance,chanc,ch,ance,Different
chance,chanc,ch,ance,Different
chances,chanc,chanc,es,Same
chandelier,chandeli,chandelier,er,Different
chandler,chandler,chandler,er,Same
chaneral,chaner,chaneral,al,Different
changes,chang,chang,es,Same
chaotic,chaotic,chaot,ic,Different
chapter,chapter,chapter,er,Same
character,charact,character,er,Different
characteristic,characterist,characterist,ic,Same
characterize,character,character,ize,Same
characterize,character,character,ize,Same
characterizes,character,characteriz,es,Different
charcoal,charcoal,charcoal,al,Same
charges,charg,charg,es,Same
charities,chariti,chariti,es,Same
charles,charl,charl,es,Same
charmer,charmer,charmer,er,Same
chases,chase,chas,es,Different
chastisement,chastis,chastisement,ment,Different
chatter,chatter,chatter,er,Same
chatterer,chatter,chatterer,er,Different
cheaper,cheaper,cheaper,er,Same
cheer,cheer,cheer,er,Same
cheerfulness,cheer,cheerful,ness,Different
cheeriness,cheeri,cheeri,ness,Same
cheerybles,cheerybl,cheerybl,es,Same
chemical,chemic,chemical,al,Different
chepones,chepon,chepon,es,Same
cheques,chequ,chequ,es,Same
cher,cher,cher,er,Same
cherishes,cherish,cherish,es,Same
cherries,cherri,cherri,es,Same
cherrybles,cherrybl,cherrybl,es,Same
cheshires,cheshir,cheshir,es,Same
cheval,cheval,cheval,al,Same
chichester,chichest,chichester,er,Different
childishness,childish,childish,ness,Same
chimes,chime,chim,es,Different
chinchilloides,chinchilloid,chinchilloid,es,Same
chionis,chioni,chionis,is,Different
chivying,chivi,chivying,ying,Different
chlorides,chlorid,chlorid,es,Same
chocolate,chocol,chocol,ate,Same
chocolate,chocol,chocol,ate,Same
choiceness,choic,choice,ness,Different
chokes,choke,chok,es,Different
chooses,choos,choos,es,Same
choruses,chorus,chorus,es,Same
chowser,chowser,chowser,er,Same
christopher,christoph,christopher,er,Different
chronic,chronic,chron,ic,Different
chronicles,chronicl,chronicl,es,Same
chronometrical,chronometr,chronometric,al,Different
chrysalis,chrysali,chrysalis,is,Different
churches,church,church,es,Same
churlishness,churlish,churlish,ness,Same
cider,cider,cider,er,Same
cigarettes,cigarett,cigarett,es,Same
cincinnatuses,cincinnatus,cincinnatus,es,Same
cinder,cinder,cinder,er,Same
circles,circl,circl,es,Same
circulates,circul,circulat,es,Different
circulation,circul,circulat,tion,Different
circumlocution,circumlocut,circumlocut,tion,Same
circumnavigate,circumnavig,circumnavig,ate,Same
circumnavigate,circumnavig,circumnavig,ate,Same
circumnavigation,circumnavig,circumnavigat,tion,Different
circumstance,circumst,circumst,ance,Same
circumstance,circumst,circumst,ance,Same
circumstances,circumst,circumstanc,es,Different
circumstantial,circumstanti,circumstanti,al,Same
citation,citat,citat,tion,Same
cities,citi,citi,es,Same
civilities,civil,civiliti,es,Different
civilization,civil,civilizat,tion,Different
clashes,clash,clash,es,Same
classes,class,class,es,Same
classic,classic,class,ic,Different
classical,classic,classical,al,Different
clatter,clatter,clatter,er,Same
clauses,claus,claus,es,Same
clavipes,clavip,clavip,es,Same
claying,clay,claying,ying,Different
clayver,clayver,clayver,er,Same
cleaner,cleaner,cleaner,er,Same
cleanliness,cleanli,cleanli,ness,Same
cleanses,cleans,cleans,es,Same
clearance,clearanc,clear,ance,Different
clearance,clearanc,clear,ance,Different
clearer,clearer,clearer,er,Same
clearness,clear,clear,ness,Same
clematis,clemati,clematis,is,Different
clenches,clench,clench,es,Same
clerical,cleric,clerical,al,Different
clever,clever,clever,er,Same
cleverer,clever,cleverer,er,Different
cleverness,clever,clever,ness,Same
climate,climat,climat,ate,Same
climate,climat,climat,ate,Same
climates,climat,climat,es,Same
climes,clime,clim,es,Different
cloister,cloister,cloister,er,Same
closeness,close,close,ness,Same
closer,closer,closer,er,Same
closes,close,clos,es,Different
clother,clother,clother,er,Same
clothes,cloth,cloth,es,Same
clover,clover,clover,er,Same
cloves,clove,clov,es,Different
clumsiness,clumsi,clumsi,ness,Same
cluster,cluster,cluster,er,Same
clutches,clutch,clutch,es,Same
coaches,coach,coach,es,Same
coachmaker,coachmak,coachmaker,er,Different
coal,coal,coal,al,Same
coalition,coalit,coalite,tion,Different
coarseness,coars,coarse,ness,Different
coarser,coarser,coarser,er,Same
coavinses,coavins,coavins,es,Same
cobbler,cobbler,cobbler,er,Same
cockades,cockad,cockad,es,Same
cockroaches,cockroach,cockroach,es,Same
codes,code,cod,es,Different
codger,codger,codger,er,Same
coeval,coeval,coeval,al,Same
cogitation,cogit,cogitat,tion,Different
cognate,cognat,cog,ate,Different
cognate,cognat,cog,ate,Different
coincidences,coincid,coincidenc,es,Different
coincides,coincid,coincid,es,Same
coiner,coiner,coiner,er,Same
colder,colder,colder,er,Same
coldness,cold,cold,ness,Same
coldnesses,cold,coldness,es,Different
collapses,collaps,collaps,es,Same
collateral,collater,collater,al,Same
collation,collat,collate,tion,Different
colleagues,colleagu,colleagu,es,Same
collection,collect,collecte,tion,Different
collier,collier,collier,er,Same
collieries,collieri,collieri,es,Same
colloquial,colloqui,colloquial,al,Different
colonies,coloni,coloni,es,Same
colonize,colon,colonize,ize,Different
colonize,colon,colonize,ize,Different
colonnades,colonnad,colonnad,es,Same
colossal,coloss,colossal,al,Different
colymbetes,colymbet,colymbet,es,Same
combative,combat,combat,ative,Same
combative,combat,combat,ative,Same
combativeness,combat,combative,ness,Different
combination,combin,combinat,tion,Different
combines,combin,combin,es,Same
combustion,combust,combuste,tion,Different
comedies,comedi,comedi,es,Same
comeliness,comeli,comeli,ness,Same
comer,comer,comer,er,Same
comes,come,com,es,Different
comestibles,comest,comestibl,es,Different
comfortabler,comfortabl,comfortabler,er,Different
comforter,comfort,comforter,er,Different
comic,comic,com,ic,Different
comical,comic,comic,al,Same
commander,command,commander,er,Different
commemorate,commemor,commemor,ate,Same
commemorate,commemor,commemor,ate,Same
commemoration,commemor,commemorat,tion,Different
commemorative,commemor,commemor,ative,Same
commemorative,commemor,commemor,ative,Same
commencement,commenc,commencement,ment,Different
commences,commenc,commenc,es,Same
commendation,commend,commendat,tion,Different
comment,comment,comment,ment,Same
commercial,commerci,commercial,al,Different
commiseration,commiser,commiserat,tion,Different
commissioner,commission,commissioner,er,Different
committees,committe,committe,es,Same
commodities,commod,commoditi,es,Different
commoner,common,commoner,er,Different
commonplaces,commonplac,commonplac,es,Same
commotion,commot,commote,tion,Different
communicate,communic,communic,ate,Same
communicate,communic,communic,ate,Same
communicates,communic,communicat,es,Different
communication,communic,communicat,tion,Different
communicative,communic,communic,ative,Same
communicative,communic,communic,ative,Same
communities,communiti,communiti,es,Same
compactness,compact,compact,ness,Same
companies,compani,compani,es,Same
comparative,compar,comparate,ative,Different
comparative,compar,comparate,ative,Different
compares,compar,compar,es,Same
compassionate,compassion,compassio,ate,Different
compassionate,compassion,compassio,ate,Different
compatible,compat,compatible,ible,Different
compatible,compat,compatible,ible,Different
compensate,compens,compens,ate,Same
compensate,compens,compens,ate,Same
compensation,compens,compensat,tion,Different
complement,complement,complement,ment,Same
completeness,complet,complete,ness,Different
completes,complet,complet,es,Same
completion,complet,complete,tion,Different
compliance,complianc,compli,ance,Different
compliance,complianc,compli,ance,Different
complication,complic,complicat,tion,Different
complies,compli,compli,es,Same
compliment,compliment,compli,ment,Different
complying,compli,complying,ying,Different
composer,compos,composer,er,Different
composes,compos,compos,es,Same
composition,composit,composit,tion,Same
comprehensible,comprehens,comprehens,ible,Same
comprehensible,comprehens,comprehens,ible,Same
compressible,compress,compressible,ible,Different
compressible,compress,compressible,ible,Different
comprises,compris,compris,es,Same
compromises,compromis,compromis,es,Same
compter,compter,compter,er,Same
comptes,compt,compt,es,Same
compunction,compunct,compuncte,tion,Different
computation,comput,computat,tion,Different
comrades,comrad,comrad,es,Same
concatenation,concaten,concatenat,tion,Different
conceal,conceal,conceal,al,Same
concealment,conceal,concealment,ment,Different
concedes,conced,conced,es,Same
conceives,conceiv,conceiv,es,Same
concentrate,concentr,concentr,ate,Same
concentrate,concentr,concentr,ate,Same
concentration,concentr,concentrat,tion,Different
conception,concept,concepte,tion,Different
conchological,concholog,conchologic,al,Different
conciliate,concili,concili,ate,Same
conciliate,concili,concili,ate,Same
conciliation,concili,conciliat,tion,Different
conclaves,conclav,conclav,es,Same
concludes,conclud,conclud,es,Same
condemnation,condemn,condemnat,tion,Different
condition,condit,condite,tion,Different
conditional,condit,condition,al,Different
condolences,condol,condolenc,es,Different
cones,cone,con,es,Different
confabulation,confabul,confabulat,tion,Different
confectioner,confection,confectioner,er,Different
confederate,confeder,confeder,ate,Same
confederate,confeder,confeder,ate,Same
confederates,confeder,confederat,es,Different
confer,confer,confer,er,Same
conferences,confer,conferenc,es,Different
confidantes,confidant,confidant,es,Same
confidences,confid,confidenc,es,Different
confidential,confidenti,confidenti,al,Same
confides,confid,confid,es,Same
configuration,configur,configurat,tion,Different
confinement,confin,confinement,ment,Different
confines,confin,confin,es,Same
confirmation,confirm,confirmat,tion,Different
confiscate,confisc,confisc,ate,Same
confiscate,confisc,confisc,ate,Same
confiscation,confisc,confiscat,tion,Different
confuses,confus,confus,es,Same
congelation,congel,congelat,tion,Different
congenial,congeni,congenial,al,Different
conglomerate,conglomer,conglomer,ate,Same
conglomerate,conglomer,conglomer,ate,Same
conglomeration,conglomer,conglomerat,tion,Different
congratulate,congratul,congratul,ate,Same
congratulate,congratul,congratul,ate,Same
congratulation,congratul,congratulat,tion,Different
congregate,congreg,congreg,ate,Same
congregate,congreg,congreg,ate,Same
congregation,congreg,congregat,tion,Different
conical,conic,conic,al,Same
conjectures,conjectur,conjectur,es,Same
conjugal,conjug,conjugal,al,Different
conjunction,conjunct,conjuncte,tion,Different
conjuration,conjur,conjurat,tion,Different
conjures,conjur,conjur,es,Same
connection,connect,connecte,tion,Different
connivance,conniv,conniv,ance,Same
connivance,conniv,conniv,ance,Same
connubialities,connubi,connubialiti,es,Different
conquer,conquer,conquer,er,Same
consciences,conscienc,conscienc,es,Same
conscientiousness,conscienti,conscientious,ness,Different
consciousness,conscious,conscious,ness,Same
consequences,consequ,consequenc,es,Different
consequential,consequenti,consequenti,al,Same
conservative,conserv,conservate,ative,Different
conservative,conserv,conservate,ative,Different
conservatives,conserv,conservativ,es,Different
conservatories,conservatori,conservatori,es,Same
consider,consid,consider,er,Different
considerate,consider,consider,ate,Same
considerate,consider,consider,ate,Same
consideration,consider,considerat,tion,Different
consignment,consign,consignment,ment,Different
consolation,consol,consolat,tion,Different
consoles,consol,consol,es,Same
consolidate,consolid,consolid,ate,Same
consolidate,consolid,consolid,ate,Same
constables,constabl,constabl,es,Same
constance,constanc,const,ance,Different
constance,constanc,const,ance,Different
consternation,constern,consternat,tion,Different
constitootion,constitoot,constitoot,tion,Same
constituencies,constitu,constituenci,es,Different
constitutes,constitut,constitut,es,Same
constitution,constitut,constitut,tion,Same
constitutional,constitut,constitution,al,Different
construction,construct,constructe,tion,Different
consultation,consult,consultat,tion,Different
consummate,consumm,consumm,ate,Same
consummate,consumm,consumm,ate,Same
consummation,consumm,consummat,tion,Different
consumption,consumpt,consumpte,tion,Different
contamination,contamin,contaminat,tion,Different
contemplate,contempl,contempl,ate,Same
contemplate,contempl,contempl,ate,Same
contemplates,contempl,contemplat,es,Different
contemplation,contempl,contemplat,tion,Different
contemplative,contempl,contemplate,ative,Different
contemplative,contempl,contemplate,ative,Different
contemporaneousness,contemporan,contemporaneous,ness,Different
contemporaries,contemporari,contemporari,es,Same
contemptible,contempt,contemptible,ible,Different
contemptible,contempt,contemptible,ible,Different
contention,content,contente,tion,Different
contentment,content,contentment,ment,Different
continental,continent,continent,al,Same
contingencies,conting,contingenci,es,Different
continual,continu,continual,al,Different
continuance,continu,continu,ance,Same
continuance,continu,continu,ance,Same
continuation,continu,continuat,tion,Different
continues,continu,continu,es,Same
contraction,contract,contracte,tion,Different
contradiction,contradict,contradict,tion,Same
contradistinction,contradistinct,contradistinct,tion,Same
contrarieties,contrarieti,contrarieti,es,Same
contrees,contre,contre,es,Same
contributes,contribut,contribut,es,Same
contribution,contribut,contribut,tion,Same
contrition,contrit,contrite,tion,Different
contrivance,contriv,contriv,ance,Same
contrivance,contriv,contriv,ance,Same
contrivances,contriv,contrivanc,es,Different
convention,convent,convente,tion,Different
conventional,convent,convention,al,Different
conventionalities,convent,conventionaliti,es,Different
conventual,conventu,conventual,al,Different
conversation,convers,conversat,tion,Different
conversational,convers,conversation,al,Different
converses,convers,convers,es,Same
convertible,convert,convertible,ible,Different
convertible,convert,convertible,ible,Different
convertion,convert,converte,tion,Different
conveyance,convey,convey,ance,Same
conveyance,convey,convey,ance,Same
conveyancer,conveyanc,conveyancer,er,Different
conveyances,convey,conveyanc,es,Different
conveying,convey,conveying,ying,Different
conviction,convict,convicte,tion,Different
convinces,convinc,convinc,es,Same
convivial,convivi,convivial,al,Different
coodleites,coodleit,coodleit,es,Same
cookites,cookit,cookit,es,Same
cooler,cooler,cooler,er,Same
coolness,cool,cool,ness,Same
copies,copi,copi,es,Same
copper,copper,copper,er,Same
copying,copi,copying,ying,Different
coral,coral,coral,al,Same
corallines,corallin,corallin,es,Same
cordial,cordial,cordial,al,Same
corner,corner,corner,er,Same
coronal,coron,coron,al,Same
coroner,coron,coroner,er,Different
corporal,corpor,corporal,al,Different
corporation,corpor,corporat,tion,Different
corporeal,corpor,corporeal,al,Different
corpses,corps,corps,es,Same
corral,corral,corral,al,Same
corrales,corral,corral,es,Same
correction,correct,correcte,tion,Different
correctness,correct,correct,ness,Same
corrientes,corrient,corrient,es,Same
corroborate,corrobor,corrobor,ate,Same
corroborate,corrobor,corrobor,ate,Same
corroboration,corrobor,corroborat,tion,Different
corroborative,corrobor,corrobor,ative,Same
corroborative,corrobor,corrobor,ative,Same
corruption,corrupt,corrupte,tion,Different
corynetes,corynet,corynet,es,Same
costal,costal,costal,al,Same
costlier,costlier,costlier,er,Same
costumes,costum,costum,es,Same
cottager,cottag,cottager,er,Different
cottages,cottag,cottag,es,Same
couches,couch,couch,es,Same
countenance,counten,counten,ance,Same
countenance,counten,counten,ance,Same
countenances,counten,countenanc,es,Different
counter,counter,counter,er,Same
counterbalance,counterbal,counterbal,ance,Same
counterbalance,counterbal,counterbal,ance,Same
countesses,countess,countess,es,Same
counties,counti,counti,es,Same
countries,countri,countri,es,Same
couples,coupl,coupl,es,Same
courier,courier,courier,er,Same
courses,cours,cours,es,Same
courtesies,courtesi,courtesi,es,Same
courtier,courtier,courtier,er,Same
cover,cover,cover,er,Same
coves,cove,cov,es,Different
covetousness,covet,covetous,ness,Different
cowcumber,cowcumb,cowcumber,er,Different
cower,cower,cower,er,Same
coxcombical,coxcomb,coxcombic,al,Different
coyness,coy,coyness,ness,Different
crabberies,crabberi,crabberi,es,Same
cradles,cradl,cradl,es,Same
craftier,craftier,craftier,er,Same
cranes,crane,cran,es,Different
crannies,cranni,cranni,es,Same
crater,crater,crater,er,Same
creases,creas,creas,es,Same
create,creat,create,ate,Different
create,creat,create,ate,Different
creation,creation,creation,tion,Same
creative,creativ,creative,ative,Different
creative,creativ,creative,ative,Different
creatures,creatur,creatur,es,Same
credible,credibl,cred,ible,Different
credible,credibl,cred,ible,Different
creeper,creeper,creeper,er,Same
crevices,crevic,crevic,es,Same
crier,crier,crier,er,Same
cries,cri,cri,es,Same
crimes,crime,crim,es,Different
criminal,crimin,criminal,al,Different
criminate,crimin,crimi,ate,Different
criminate,crimin,crimi,ate,Different
crippler,crippler,crippler,er,Same
crisis,crisi,crisis,is,Different
cristal,cristal,cristal,al,Same
critic,critic,crit,ic,Different
critical,critic,critical,al,Different
criticize,critic,critic,ize,Same
criticize,critic,critic,ize,Same
crocodiles,crocodil,crocodil,es,Same
crois,croi,crois,is,Different
crosses,cross,cross,es,Same
crouches,crouch,crouch,es,Same
crucifying,crucifi,crucifying,ying,Different
cruelties,cruelti,cruelti,es,Same
cruises,cruis,cruis,es,Same
crumber,crumber,crumber,er,Same
crumlinwallinwer,crumlinwallinw,crumlinwallinwer,er,Different
crummles,crumml,crumml,es,Same
crummleses,crummles,crummles,es,Same
crupper,crupper,crupper,er,Same
crusader,crusad,crusader,er,Different
crusades,crusad,crusad,es,Same
crushes,crush,crush,es,Same
crutches,crutch,crutch,es,Same
crying,cri,crying,ying,Different
cryptogamic,cryptogam,cryptogam,ic,Same
crystal,crystal,crystal,al,Same
crystallization,crystal,crystallizat,tion,Different
crystial,crystial,crystial,al,Same
cubes,cube,cub,es,Different
cubic,cubic,cub,ic,Different
cucumber,cucumb,cucumber,er,Different
cues,cue,cu,es,Different
cultivate,cultiv,cultiv,ate,Same
cultivate,cultiv,cultiv,ate,Same
cultivation,cultiv,cultivat,tion,Different
culver,culver,culver,er,Same
cumber,cumber,cumber,er,Same
cumfbler,cumfbler,cumfbler,er,Same
curate,curat,curat,ate,Same
curate,curat,curat,ate,Same
cures,cure,cur,es,Different
curiosities,curios,curiositi,es,Different
curries,curri,curri,es,Same
curses,curs,curs,es,Same
curtness,curt,curt,ness,Same
curtseying,curtsey,curtseying,ying,Different
curtsying,curtsi,curtsying,ying,Different
curves,curv,curv,es,Same
customer,custom,customer,er,Different
cutler,cutler,cutler,er,Same
cutter,cutter,cutter,er,Same
cuvier,cuvier,cuvier,er,Same
cycles,cycl,cycl,es,Same
cylinder,cylind,cylinder,er,Different
cylindrical,cylindr,cylindric,al,Different
cymbal,cymbal,cymbal,al,Same
cymindis,cymindi,cymindis,is,Different
cynic,cynic,cyn,ic,Different
cynical,cynic,cynic,al,Same
